Tag	GenePos	Gene	Position	Pattern	CAAP_Group	Pvalue	Pvalue.boot	Occurrences	Total	sig_hyp	sig_perm	sig_both	SignificanceLevel	IsConserved	ConservedPair	AminoConv	AminoEncoded
CAAS_PZVEL0623I	NOXO1_176	NOXO1	176	2	GS1	0.0265429968454403	0.26732673267326734	27	101	TRUE	FALSE	FALSE	Hypergeometric	TRUE	1	QEQ/QRR	ppp/pbb
CAAS_EFPDB2774Z	NOXO1_176	NOXO1	176	2	GS3	0.0265429968454403	0.26732673267326734	27	101	TRUE	FALSE	FALSE	Hypergeometric	TRUE	2	QEQ/QRR	sss/sbb
CAAS_FONTN3454X	TP53_23	TP53	23	3	US	1.549710084601e-4	0.0198019801980198	2	101	TRUE	TRUE	TRUE	Both	TRUE	1	SLP/SSS	SLP/SSS
CAAS_DDUHT3000C	TP53_23	TP53	23	3	GS2	2.02189644499e-4	0.0198019801980198	2	101	TRUE	TRUE	TRUE	Both	TRUE	3	SLP/SSS	xhh/xxx
CAAS_DZEBO3496T	TP53_23	TP53	23	3	GS4	1.194298600129e-4	0.0198019801980198	2	101	TRUE	TRUE	TRUE	Both	TRUE	3	SLP/SSS	ohr/ooo
CAAS_PLCWI1014D	TP53_307	TP53	307	2	GS0	0.0255341896801442	0.0297029702970297	3	101	TRUE	TRUE	TRUE	Both	TRUE	2	GDG/ADA	aaa/eae
CAAS_HJKBU0079V	IL1RN_125	IL1RN	125	3	GS2	0.0054817308706086	0.15841584158415842	16	101	TRUE	FALSE	FALSE	Hypergeometric	TRUE	3	NKD/DED	nba/aaa
CAAS_QFXSF3808Q	IL1RN_125	IL1RN	125	3	GS4	0.0054817308706086	0.15841584158415842	16	101	TRUE	FALSE	FALSE	Hypergeometric	TRUE	1	NKD/DED	pka/aaa
CAAS_YHZQH1258O	DNAI1_65	DNAI1	65	3	US	0.0102617557459274	0.12871287128712872	13	101	TRUE	FALSE	FALSE	Hypergeometric	TRUE	1	LPP/LLL	LPP/LLL
CAAS_VCIPC2902Y	DNAI1_65	DNAI1	65	3	GS0	0.0102617557459274	0.12871287128712872	13	101	TRUE	FALSE	FALSE	Hypergeometric	TRUE	2	LPP/LLL	dbb/ddd
CAAS_JWVXM9859S	DNAI1_65	DNAI1	65	3	GS1	0.0102617557459274	0.12871287128712872	13	101	TRUE	FALSE	FALSE	Hypergeometric	TRUE	2	LPP/LLL	hnn/hhh
CAAS_RUXZW3910T	DNAI1_65	DNAI1	65	3	GS3	0.0102617557459274	0.12871287128712872	13	101	TRUE	FALSE	FALSE	Hypergeometric	TRUE	2	LPP/LLL	lnn/lll
CAAS_IGSFE6604H	DNAI1_65	DNAI1	65	3	GS4	0.0102617557459274	0.12871287128712872	13	101	TRUE	FALSE	FALSE	Hypergeometric	TRUE	2	LPP/LLL	hrr/hhh
CAAS_PADWS2193F	DNAI1_221	DNAI1	221	2	US	0.014102913060174	0.2079207920792079	21	101	TRUE	FALSE	FALSE	Hypergeometric	TRUE	1	AAA/ATT	AAA/ATT
CAAS_VZFUU8352M	DNAI1_221	DNAI1	221	2	GS1	0.014102913060174	0.2079207920792079	21	101	TRUE	FALSE	FALSE	Hypergeometric	TRUE	2	AAA/ATT	nnn/noo
CAAS_QBFZB0181P	DNAI1_221	DNAI1	221	2	GS2	0.014102913060174	0.2079207920792079	21	101	TRUE	FALSE	FALSE	Hypergeometric	TRUE	2	AAA/ATT	sss/sxx
CAAS_KDCZD5034F	DNAI1_221	DNAI1	221	2	GS4	0.014102913060174	0.2079207920792079	21	101	TRUE	FALSE	FALSE	Hypergeometric	TRUE	2	AAA/ATT	hhh/hoo
CAAS_FIKSY6678N	JAK1_29	JAK1	29	2	US	0.0085615997261689	0.12871287128712872	13	101	TRUE	FALSE	FALSE	Hypergeometric	TRUE	1	AAA/ATV	AAA/ATV
CAAS_HQMYP5570F	JAK1_29	JAK1	29	2	GS1	0.0085615997261689	0.12871287128712872	13	101	TRUE	FALSE	FALSE	Hypergeometric	TRUE	1	AAA/ATV	nnn/not
CAAS_XKFSW6133V	LATS2_482	LATS2	482	3	US	0.0053925414226126	0.1188118811881188	12	101	TRUE	FALSE	FALSE	Hypergeometric	TRUE	1	SNN/SSS	SNN/SSS
CAAS_NWSSG6601P	LATS2_482	LATS2	482	3	GS0	0.0053925414226126	0.1188118811881188	12	101	TRUE	FALSE	FALSE	Hypergeometric	TRUE	3	SNN/SSS	dff/ddd
CAAS_HCZPV8407B	LATS2_482	LATS2	482	3	GS1	0.004692857742185	0.1188118811881188	12	101	TRUE	FALSE	FALSE	Hypergeometric	TRUE	3	SNN/SSS	npp/nnn
CAAS_EPUIC1859H	LATS2_482	LATS2	482	3	GS2	0.0053925414226126	0.1188118811881188	12	101	TRUE	FALSE	FALSE	Hypergeometric	TRUE	3	SNN/SSS	xnn/xxx
CAAS_SYDXT4346G	LATS2_482	LATS2	482	3	GS3	0.004692857742185	0.1188118811881188	12	101	TRUE	FALSE	FALSE	Hypergeometric	TRUE	3	SNN/SSS	nss/nnn
CAAS_QYCBE6575J	LATS2_482	LATS2	482	3	GS4	0.0053925414226126	0.1188118811881188	12	101	TRUE	FALSE	FALSE	Hypergeometric	TRUE	3	SNN/SSS	opp/ooo
CAAS_VYQCY5712I	MAP3K5_1056	MAP3K5	1056	2	US	0.0279668605338435	0.10891089108910892	11	101	TRUE	FALSE	FALSE	Hypergeometric	TRUE	1	III/IVV	III/IVV
CAAS_TLEQC4399V	MAP3K5_1056	MAP3K5	1056	2	GS0	0.0279668605338435	0.10891089108910892	11	101	TRUE	FALSE	FALSE	Hypergeometric	TRUE	3	III/IVV	ddd/dee
CAAS_EFRSR1542G	MAP3K5_1056	MAP3K5	1056	2	GS1	0.0279668605338435	0.10891089108910892	11	101	TRUE	FALSE	FALSE	Hypergeometric	TRUE	3	III/IVV	hhh/htt
CAAS_HDKOQ4267G	MAP3K5_1056	MAP3K5	1056	2	GS2	0.0279668605338435	0.10891089108910892	11	101	TRUE	FALSE	FALSE	Hypergeometric	TRUE	3	III/IVV	hhh/hss
CAAS_JXKCZ1938K	JAK3_501	JAK3	501	3	US	5.928557830671e-4	0.0594059405940594	6	101	TRUE	FALSE	FALSE	Hypergeometric	TRUE	1	CYY/CCC	CYY/CCC
CAAS_XAHHV3242E	JAK3_501	JAK3	501	3	GS0	5.928557830671e-4	0.0594059405940594	6	101	TRUE	FALSE	FALSE	Hypergeometric	TRUE	2	CYY/CCC	aee/aaa
CAAS_TLJTA4669V	JAK3_501	JAK3	501	3	GS1	5.928557830671e-4	0.0594059405940594	6	101	TRUE	FALSE	FALSE	Hypergeometric	TRUE	2	CYY/CCC	thh/ttt
CAAS_FCDDK2017S	JAK3_501	JAK3	501	3	GS2	5.928557830671e-4	0.0594059405940594	6	101	TRUE	FALSE	FALSE	Hypergeometric	TRUE	2	CYY/CCC	cxx/ccc
CAAS_AYLSJ7565L	JAK3_501	JAK3	501	3	GS3	5.928557830671e-4	0.0594059405940594	6	101	TRUE	FALSE	FALSE	Hypergeometric	TRUE	2	CYY/CCC	cgg/ccc
CAAS_AUMJV3176R	JAK3_501	JAK3	501	3	GS4	5.928557830671e-4	0.0594059405940594	6	101	TRUE	FALSE	FALSE	Hypergeometric	TRUE	2	CYY/CCC	cyy/ccc
CAAS_WBXFY6438E	LMOD2_198	LMOD2	198	3	US	4.83146062357235e-5	0.13861386138613865	14	101	TRUE	FALSE	FALSE	Hypergeometric	TRUE	1	PLS/PPP	PLS/PPP
CAAS_KNITT8672O	LMOD2_198	LMOD2	198	3	GS0	6.487786884139807e-5	0.13861386138613865	14	101	TRUE	FALSE	FALSE	Hypergeometric	TRUE	3	PLS/PPP	bdd/bbb
CAAS_FUJBK1452K	LMOD2_198	LMOD2	198	3	GS4	4.83146062357235e-5	0.13861386138613865	14	101	TRUE	FALSE	FALSE	Hypergeometric	TRUE	3	PLS/PPP	rho/rrr
CAAS_SEYBF2949W	LMOD2_260	LMOD2	260	2	US	0.0262721212592166	0.15841584158415842	16	101	TRUE	FALSE	FALSE	Hypergeometric	TRUE	2	VVV/IVI	VVV/IVI
CAAS_MZTEI1190O	LMOD2_260	LMOD2	260	2	GS0	0.0262721212592166	0.15841584158415842	16	101	TRUE	FALSE	FALSE	Hypergeometric	TRUE	1	VVV/IVI	eee/ded
CAAS_VTIBK4536E	LMOD2_260	LMOD2	260	2	GS1	0.0262721212592166	0.15841584158415842	16	101	TRUE	FALSE	FALSE	Hypergeometric	TRUE	1	VVV/IVI	ttt/hth
CAAS_SGTFE6607D	LMOD2_260	LMOD2	260	2	GS2	0.0262721212592166	0.15841584158415842	16	101	TRUE	FALSE	FALSE	Hypergeometric	TRUE	1	VVV/IVI	sss/hsh
CAAS_WMBJD4234X	PALMD_296	PALMD	296	3	US	0.0010247978572264	0.0297029702970297	3	101	TRUE	TRUE	TRUE	Both	TRUE	2	QRP/RRR	QRP/RRR
CAAS_SMNIM1691W	PALMD_296	PALMD	296	3	GS0	0.001139211678437	0.0297029702970297	3	101	TRUE	TRUE	TRUE	Both	TRUE	1	QRP/RRR	dfb/fff
CAAS_OSZJM7669V	PALMD_296	PALMD	296	3	GS1	0.0010466945036827	0.0297029702970297	3	101	TRUE	TRUE	TRUE	Both	TRUE	1	QRP/RRR	pbn/bbb
CAAS_COSAQ6898O	PALMD_296	PALMD	296	3	GS2	0.0011861339114317	0.0297029702970297	3	101	TRUE	TRUE	TRUE	Both	TRUE	1	QRP/RRR	nbh/bbb
CAAS_OUDNN1456W	PALMD_296	PALMD	296	3	GS3	0.0010466945036827	0.0297029702970297	3	101	TRUE	TRUE	TRUE	Both	TRUE	1	QRP/RRR	sbn/bbb
CAAS_VJQNF0118O	PALMD_296	PALMD	296	3	GS4	0.0010247978572264	0.0297029702970297	3	101	TRUE	TRUE	TRUE	Both	TRUE	1	QRP/RRR	pbr/bbb
CAAS_GUEUF0061V	AADACL4_152	AADACL4	152	3	GS0	0.0192967642477778	0.16831683168316833	17	101	TRUE	FALSE	FALSE	Hypergeometric	TRUE	1	VLL/VFV	edd/eee
CAAS_THPSR9488L	AADACL4_222	AADACL4	222	3	GS3	0.0235993503390833	0.15841584158415842	16	101	TRUE	FALSE	FALSE	Hypergeometric	TRUE	1	VGC/VVL	lnc/lll
CAAS_WOHDM4733N	AADACL4_222	AADACL4	222	3	GS4	0.0233864918092556	0.15841584158415842	16	101	TRUE	FALSE	FALSE	Hypergeometric	TRUE	1	VGC/VVL	hgc/hhh
CAAS_ISADX9311J	AADACL4_225	AADACL4	225	3	US	0.0304729169358993	0.1782178217821782	18	101	TRUE	FALSE	FALSE	Hypergeometric	TRUE	1	VAT/VVV	VAT/VVV
CAAS_XMMJS0911U	AADACL4_225	AADACL4	225	3	GS1	0.0313528786039442	0.18811881188118812	19	101	TRUE	FALSE	FALSE	Hypergeometric	TRUE	1	VAT/VVV	tno/ttt
CAAS_OKDVQ5503N	AADACL4_225	AADACL4	225	3	GS3	0.0305295256998853	0.15841584158415842	16	101	TRUE	FALSE	FALSE	Hypergeometric	TRUE	1	VAT/VVV	lnn/lll
CAAS_NRVHM5215K	PECAM1_332	PECAM1	332	3	US	0.0119579725300051	0.1782178217821782	18	101	TRUE	FALSE	FALSE	Hypergeometric	TRUE	1	TMM/TTT	TMM/TTT
CAAS_CVKJJ6674Z	PECAM1_332	PECAM1	332	3	GS0	0.011724742976833	0.13861386138613865	14	101	TRUE	FALSE	FALSE	Hypergeometric	TRUE	3	TMM/TTT	ebb/eee
CAAS_CDOUV4130O	PECAM1_332	PECAM1	332	3	GS1	0.0119579725300051	0.1782178217821782	18	101	TRUE	FALSE	FALSE	Hypergeometric	TRUE	3	TMM/TTT	ohh/ooo
CAAS_XROUF8168I	PECAM1_332	PECAM1	332	3	GS3	0.0121870469770178	0.1782178217821782	18	101	TRUE	FALSE	FALSE	Hypergeometric	TRUE	3	TMM/TTT	nll/nnn
CAAS_SXWHL5151C	PECAM1_332	PECAM1	332	3	GS4	0.0119579725300051	0.1782178217821782	18	101	TRUE	FALSE	FALSE	Hypergeometric	TRUE	3	TMM/TTT	omm/ooo
CAAS_TKTGD5773P	PECAM1_478	PECAM1	478	3	US	0.0152747924238714	0.16831683168316833	17	101	TRUE	FALSE	FALSE	Hypergeometric	TRUE	1	NDS/NNN	NDS/NNN
CAAS_QKUDO7517R	PECAM1_478	PECAM1	478	3	GS0	0.0152747924238714	0.16831683168316833	17	101	TRUE	FALSE	FALSE	Hypergeometric	TRUE	3	NDS/NNN	fad/fff
CAAS_GBEVS3535Z	PECAM1_478	PECAM1	478	3	GS2	0.0152747924238714	0.16831683168316833	17	101	TRUE	FALSE	FALSE	Hypergeometric	TRUE	3	NDS/NNN	nax/nnn
CAAS_IGPLX3349K	PECAM1_478	PECAM1	478	3	GS4	0.0152747924238714	0.16831683168316833	17	101	TRUE	FALSE	FALSE	Hypergeometric	TRUE	3	NDS/NNN	pao/ppp
CAAS_ZYYGX7607G	PECAM1_492	PECAM1	492	3	GS1	2.474294617385e-4	0.10891089108910892	11	101	TRUE	FALSE	FALSE	Hypergeometric	TRUE	3	TFA/ASA	ohn/nnn
CAAS_XEFAF8205J	PECAM1_523	PECAM1	523	2	GS1	0.0278535013786039	0.06930693069306931	7	101	TRUE	FALSE	FALSE	Hypergeometric	TRUE	2	SAA/TAE	nnn/onp
CAAS_NXTFB6142T	PRR7_72	PRR7	72	3	US	2.2584344864290617e-5	0.0891089108910891	9	101	TRUE	FALSE	FALSE	Hypergeometric	TRUE	1	ATG/AAA	ATG/AAA
CAAS_JWOXA8433T	PRR7_72	PRR7	72	3	GS4	2.2584344864290617e-5	0.0891089108910891	9	101	TRUE	FALSE	FALSE	Hypergeometric	TRUE	3	ATG/AAA	hog/hhh
CAAS_SPQFU5677Y	PRR36_5	PRR36	5	3	US	3.044584180867482e-6	0.0891089108910891	9	101	TRUE	FALSE	FALSE	Hypergeometric	TRUE	1	KQG/KKK	KQG/KKK
CAAS_KQOFI3937C	PRR36_5	PRR36	5	3	GS0	3.044584180867482e-6	0.0891089108910891	9	101	TRUE	FALSE	FALSE	Hypergeometric	TRUE	2	KQG/KKK	cda/ccc
CAAS_FTRYY3734V	PRR36_5	PRR36	5	3	GS1	3.044584180867482e-6	0.0891089108910891	9	101	TRUE	FALSE	FALSE	Hypergeometric	TRUE	2	KQG/KKK	bpn/bbb
CAAS_QRBAU7243Z	PRR36_5	PRR36	5	3	GS2	3.044584180867482e-6	0.0891089108910891	9	101	TRUE	FALSE	FALSE	Hypergeometric	TRUE	2	KQG/KKK	bns/bbb
CAAS_ZGWET4299N	PRR36_5	PRR36	5	3	GS3	3.044584180867482e-6	0.0891089108910891	9	101	TRUE	FALSE	FALSE	Hypergeometric	TRUE	2	KQG/KKK	bsn/bbb
CAAS_VGZNN9408G	PRR36_5	PRR36	5	3	GS4	3.044584180867482e-6	0.0891089108910891	9	101	TRUE	FALSE	FALSE	Hypergeometric	TRUE	2	KQG/KKK	kpg/kkk
CAAS_GWMGM7228C	PRR36_10	PRR36	10	2	GS2	8.406896897179e-4	0.0297029702970297	3	101	TRUE	TRUE	TRUE	Both	TRUE	2	VAA/MAT	sss/xsx
CAAS_OVJSA0600Q	PRR36_10	PRR36	10	2	GS4	7.110321343058e-4	0.0297029702970297	3	101	TRUE	TRUE	TRUE	Both	TRUE	1	VAA/MAT	hhh/mho
CAAS_HOZPJ0674A	PRR36_14	PRR36	14	3	US	0.0037099206435567	0.12871287128712872	13	101	TRUE	FALSE	FALSE	Hypergeometric	TRUE	1	ATL/AAA	ATL/AAA
CAAS_NLSOB3687N	PRR36_14	PRR36	14	3	GS1	0.0019867461450277	0.10891089108910892	11	101	TRUE	FALSE	FALSE	Hypergeometric	TRUE	2	ATL/AAA	noh/nnn
CAAS_OAHSO6515G	PRR36_14	PRR36	14	3	GS2	0.0051167565994753	0.13861386138613865	14	101	TRUE	FALSE	FALSE	Hypergeometric	TRUE	2	ATL/AAA	sxh/sss
CAAS_XUCVV0801I	PRR36_145	PRR36	145	2	US	0.0286388525447455	0.16831683168316833	17	101	TRUE	FALSE	FALSE	Hypergeometric	TRUE	1	SSS/SRG	SSS/SRG
CAAS_GGKFC1415K	PRR36_145	PRR36	145	2	GS0	0.0286458851382023	0.16831683168316833	17	101	TRUE	FALSE	FALSE	Hypergeometric	TRUE	2	SSS/SRG	ddd/dfa
CAAS_LULYT3449W	PRR36_145	PRR36	145	2	GS2	0.0286458851382023	0.16831683168316833	17	101	TRUE	FALSE	FALSE	Hypergeometric	TRUE	2	SSS/SRG	xxx/xbs
CAAS_NHWWE7870V	PRR36_145	PRR36	145	2	GS4	0.0286388525447455	0.16831683168316833	17	101	TRUE	FALSE	FALSE	Hypergeometric	TRUE	2	SSS/SRG	ooo/obg
CAAS_DMGML4799M	PRR36_189	PRR36	189	2	US	0.02986979148973	0.16831683168316833	17	101	TRUE	FALSE	FALSE	Hypergeometric	TRUE	1	PPP/PSA	PPP/PSA
CAAS_NIEKV8121B	PRR36_189	PRR36	189	2	GS0	0.0306062014847413	0.16831683168316833	17	101	TRUE	FALSE	FALSE	Hypergeometric	TRUE	2	PPP/PSA	bbb/bde
CAAS_ZEYWA7529D	PRR36_189	PRR36	189	2	GS2	0.0301319411801962	0.16831683168316833	17	101	TRUE	FALSE	FALSE	Hypergeometric	TRUE	2	PPP/PSA	hhh/hxs
CAAS_WPZWQ0953E	PRR36_189	PRR36	189	2	GS4	0.0305243941271691	0.16831683168316833	17	101	TRUE	FALSE	FALSE	Hypergeometric	TRUE	2	PPP/PSA	rrr/roh
CAAS_BZFWR2340U	RBM15_628	RBM15	628	3	US	0.0092442747194921	0.19801980198019803	20	101	TRUE	FALSE	FALSE	Hypergeometric	TRUE	2	VAS/AAA	VAS/AAA
CAAS_UJNUF8588D	SLC4A8_234	SLC4A8	234	3	US	0.0030205112327959	0.1188118811881188	12	101	TRUE	FALSE	FALSE	Hypergeometric	TRUE	2	LSL/SSS	LSL/SSS
CAAS_FCAAP9195K	SLC4A8_234	SLC4A8	234	3	GS1	0.0030205112327959	0.1188118811881188	12	101	TRUE	FALSE	FALSE	Hypergeometric	TRUE	3	LSL/SSS	hnh/nnn
CAAS_CQVFR3057A	SLC4A8_234	SLC4A8	234	3	GS2	0.0030205112327959	0.1188118811881188	12	101	TRUE	FALSE	FALSE	Hypergeometric	TRUE	3	LSL/SSS	hxh/xxx
CAAS_TPJEK5561W	SLC4A8_234	SLC4A8	234	3	GS3	0.0030205112327959	0.1188118811881188	12	101	TRUE	FALSE	FALSE	Hypergeometric	TRUE	3	LSL/SSS	lnl/nnn
CAAS_GPABW2974L	SLC4A8_234	SLC4A8	234	3	GS4	0.0030205112327959	0.1188118811881188	12	101	TRUE	FALSE	FALSE	Hypergeometric	TRUE	3	LSL/SSS	hoh/ooo
CAAS_LQGVH1371S	SHISA4_16	SHISA4	16	2	US	0.0048701952948092	0.07920792079207921	8	101	TRUE	FALSE	FALSE	Hypergeometric	TRUE	2	VVV/MVM	VVV/MVM
CAAS_VZKVA1426S	SHISA4_16	SHISA4	16	2	GS0	0.0046828064575006	0.07920792079207921	8	101	TRUE	FALSE	FALSE	Hypergeometric	TRUE	1	VVV/MVM	eee/beb
CAAS_JIUPS5636A	SHISA4_16	SHISA4	16	2	GS1	0.0055574175178968	0.07920792079207921	8	101	TRUE	FALSE	FALSE	Hypergeometric	TRUE	1	VVV/MVM	ttt/hth
CAAS_ZGMOU2573U	SHISA4_16	SHISA4	16	2	GS2	0.0046828064575006	0.07920792079207921	8	101	TRUE	FALSE	FALSE	Hypergeometric	TRUE	1	VVV/MVM	sss/xsx
CAAS_YXQLZ8357K	SHISA4_16	SHISA4	16	2	GS4	0.003990618375592	0.0396039603960396	4	101	TRUE	TRUE	TRUE	Both	TRUE	1	VVV/MVM	hhh/mhm
CAAS_SWCQN1728J	SLAMF7_7	SLAMF7	7	3	GS4	0.0092252136216437	0.099009900990099	10	101	TRUE	FALSE	FALSE	Hypergeometric	TRUE	2	MVM/VLV	mhm/hhh
CAAS_OSKIJ4607C	SLAMF7_14	SLAMF7	14	3	GS0	9.691672877372e-4	0.10891089108910892	11	101	TRUE	FALSE	FALSE	Hypergeometric	TRUE	1	LVV/LLI	dee/ddd
CAAS_AZAPP5971F	SLAMF7_14	SLAMF7	14	3	GS1	9.691672877372e-4	0.10891089108910892	11	101	TRUE	FALSE	FALSE	Hypergeometric	TRUE	2	LVV/LLI	htt/hhh
CAAS_SHSVN6995E	SLAMF7_14	SLAMF7	14	3	GS2	9.691672877372e-4	0.10891089108910892	11	101	TRUE	FALSE	FALSE	Hypergeometric	TRUE	2	LVV/LLI	hss/hhh
CAAS_JZSVE4123J	SLAMF7_267	SLAMF7	267	3	US	0.008920285500339	0.1485148514851485	15	101	TRUE	FALSE	FALSE	Hypergeometric	TRUE	1	YCH/YYY	YCH/YYY
CAAS_FVKFL3744P	SLAMF7_267	SLAMF7	267	3	GS0	0.008920285500339	0.1485148514851485	15	101	TRUE	FALSE	FALSE	Hypergeometric	TRUE	2	YCH/YYY	eaf/eee
CAAS_CAEII8929X	SLAMF7_267	SLAMF7	267	3	GS1	0.008920285500339	0.1485148514851485	15	101	TRUE	FALSE	FALSE	Hypergeometric	TRUE	2	YCH/YYY	htb/hhh
CAAS_YDXBG0208N	SLAMF7_267	SLAMF7	267	3	GS2	9.427743285284e-4	0.10891089108910892	11	101	TRUE	FALSE	FALSE	Hypergeometric	TRUE	2	YCH/YYY	xcn/xxx
CAAS_CDWDV5557J	SLAMF7_267	SLAMF7	267	3	GS3	0.008920285500339	0.1485148514851485	15	101	TRUE	FALSE	FALSE	Hypergeometric	TRUE	2	YCH/YYY	gcb/ggg
CAAS_CBIYY8707Y	SLAMF7_267	SLAMF7	267	3	GS4	0.008920285500339	0.1485148514851485	15	101	TRUE	FALSE	FALSE	Hypergeometric	TRUE	2	YCH/YYY	ycb/yyy
CAAS_WKVVW4587A	SLC23A3_514	SLC23A3	514	2	US	0.0044184470096367	0.16831683168316833	17	101	TRUE	FALSE	FALSE	Hypergeometric	TRUE	1	QQQ/QLT	QQQ/QLT
CAAS_FPKSV9154R	SLC23A3_514	SLC23A3	514	2	GS1	0.0034668234032962	0.1485148514851485	15	101	TRUE	FALSE	FALSE	Hypergeometric	TRUE	3	QQQ/QLT	ppp/pho
CAAS_TBXYG4193V	SLC23A3_514	SLC23A3	514	2	GS2	0.0044572469884035	0.16831683168316833	17	101	TRUE	FALSE	FALSE	Hypergeometric	TRUE	3	QQQ/QLT	nnn/nhx
CAAS_ITCWE8158T	SLC23A3_514	SLC23A3	514	2	GS3	0.0034703590255138	0.1485148514851485	15	101	TRUE	FALSE	FALSE	Hypergeometric	TRUE	3	QQQ/QLT	sss/sln
CAAS_EWEWR0225X	SLC23A3_514	SLC23A3	514	2	GS4	0.0044184470096367	0.16831683168316833	17	101	TRUE	FALSE	FALSE	Hypergeometric	TRUE	3	QQQ/QLT	ppp/pho
CAAS_UZQVE0726Q	SLC23A3_515	SLC23A3	515	2	US	1.799174625277e-4	0.0396039603960396	4	101	TRUE	TRUE	TRUE	Both	TRUE	1	LLL/LFF	LLL/LFF
CAAS_IHCYZ8592D	SLC23A3_515	SLC23A3	515	2	GS0	1.799174625277e-4	0.0396039603960396	4	101	TRUE	TRUE	TRUE	Both	TRUE	3	LLL/LFF	ddd/dee
CAAS_ITAAR5168Y	SLC23A3_515	SLC23A3	515	2	GS3	1.799174625277e-4	0.0396039603960396	4	101	TRUE	TRUE	TRUE	Both	TRUE	3	LLL/LFF	lll/lgg
CAAS_XKRSY7624G	SLC23A3_515	SLC23A3	515	2	GS4	1.799174625277e-4	0.0396039603960396	4	101	TRUE	TRUE	TRUE	Both	TRUE	3	LLL/LFF	hhh/hff
CAAS_QZMHM5918G	SLC23A3_553	SLC23A3	553	2	GS1	0.0021787476304091	0.12871287128712872	13	101	TRUE	FALSE	FALSE	Hypergeometric	TRUE	1	APA/AFQ	nnn/nhp
CAAS_YBIAB5080M	SLC23A3_553	SLC23A3	553	2	GS3	0.0021787476304091	0.12871287128712872	13	101	TRUE	FALSE	FALSE	Hypergeometric	TRUE	3	APA/AFQ	nnn/ngs
CAAS_YXPTU1073M	SLC23A3_652	SLC23A3	652	2	US	4.795014563429e-4	0.06930693069306931	7	101	TRUE	FALSE	FALSE	Hypergeometric	TRUE	1	AAA/AVR	AAA/AVR
CAAS_SRSAM0137V	SLC23A3_652	SLC23A3	652	2	GS1	7.906936959471261e-5	0.0297029702970297	3	101	TRUE	TRUE	TRUE	Both	TRUE	3	AAA/AVR	nnn/ntb
CAAS_WMCYL8657L	SLC23A3_652	SLC23A3	652	2	GS3	7.906936959471261e-5	0.0297029702970297	3	101	TRUE	TRUE	TRUE	Both	TRUE	3	AAA/AVR	nnn/nlb
CAAS_ESFGR7496P	SLC23A3_658	SLC23A3	658	2	US	1.7679745680120066e-5	0.0396039603960396	4	101	TRUE	TRUE	TRUE	Both	TRUE	2	RRR/QRH	RRR/QRH
CAAS_VHPQK6855U	SLC23A3_658	SLC23A3	658	2	GS2	2.34596625370824e-5	0.0396039603960396	4	101	TRUE	TRUE	TRUE	Both	TRUE	2	RRR/QRH	bbb/nbn
CAAS_DQVSR5203K	SPAM1_82	SPAM1	82	3	US	0.0085448469745994	0.15841584158415842	16	101	TRUE	FALSE	FALSE	Hypergeometric	TRUE		IKI/VVV	IKI/VVV
CAAS_URPFX0811S	SPAM1_82	SPAM1	82	3	GS0	0.007868642793986	0.15841584158415842	16	101	TRUE	FALSE	FALSE	Hypergeometric	TRUE		IKI/VVV	dcd/eee
CAAS_UXKGH0546C	SPAM1_82	SPAM1	82	3	GS1	0.0085448469745994	0.15841584158415842	16	101	TRUE	FALSE	FALSE	Hypergeometric	TRUE		IKI/VVV	hbh/ttt
CAAS_XWNFN7047F	SPAM1_82	SPAM1	82	3	GS2	0.007868642793986	0.15841584158415842	16	101	TRUE	FALSE	FALSE	Hypergeometric	TRUE		IKI/VVV	hbh/sss
CAAS_FKUKE4792L	SPAM1_103	SPAM1	103	3	GS2	0.0072318625079804	0.1188118811881188	12	101	TRUE	FALSE	FALSE	Hypergeometric	TRUE	1	TAI/TST	xsh/xxx
CAAS_VVZEF6095S	SPAM1_103	SPAM1	103	3	GS4	0.0075083402403748	0.1188118811881188	12	101	TRUE	FALSE	FALSE	Hypergeometric	TRUE	2	TAI/TST	ohh/ooo
CAAS_HHOCD2977M	SPAM1_302	SPAM1	302	3	US	1.350701195779e-4	0.0891089108910891	9	101	TRUE	FALSE	FALSE	Hypergeometric	TRUE	1	AST/AAA	AST/AAA
CAAS_JXOWZ7592V	SPAM1_302	SPAM1	302	3	GS2	2.212226515757e-4	0.0891089108910891	9	101	TRUE	FALSE	FALSE	Hypergeometric	TRUE	2	AST/AAA	sxx/sss
CAAS_UDHTA4549P	SPAM1_302	SPAM1	302	3	GS4	2.212226515757e-4	0.0891089108910891	9	101	TRUE	FALSE	FALSE	Hypergeometric	TRUE	2	AST/AAA	hoo/hhh
CAAS_IDMDP8383V	SPAM1_317	SPAM1	317	2	US	0.0158436354181352	0.1188118811881188	12	101	TRUE	FALSE	FALSE	Hypergeometric	TRUE	1	DDD/DEE	DDD/DEE
CAAS_EYGGZ3738D	SPAM1_317	SPAM1	317	2	GS0	0.0158436354181352	0.1188118811881188	12	101	TRUE	FALSE	FALSE	Hypergeometric	TRUE	2	DDD/DEE	aaa/aee
CAAS_BAQEE4789B	SPAM1_354	SPAM1	354	3	GS3	0.0304225651068457	0.13861386138613865	14	101	TRUE	FALSE	FALSE	Hypergeometric	TRUE	1	TNN/TGT	nss/nnn
CAAS_KBHOJ8702S	SPAM1_438	SPAM1	438	2	US	0.0141979523852703	0.1188118811881188	12	101	TRUE	FALSE	FALSE	Hypergeometric	TRUE	1	TTT/TKN	TTT/TKN
CAAS_TNOPI1482G	SPAM1_438	SPAM1	438	2	GS0	0.0141979523852703	0.1188118811881188	12	101	TRUE	FALSE	FALSE	Hypergeometric	TRUE	2	TTT/TKN	eee/ecf
CAAS_IXSPR1337M	SPAM1_438	SPAM1	438	2	GS1	0.0141979523852703	0.1188118811881188	12	101	TRUE	FALSE	FALSE	Hypergeometric	TRUE	2	TTT/TKN	ooo/obp
CAAS_VRBWI1078S	SPAM1_438	SPAM1	438	2	GS2	0.0126916602770642	0.0891089108910891	9	101	TRUE	FALSE	FALSE	Hypergeometric	TRUE	2	TTT/TKN	xxx/xbn
CAAS_SBGDR7046O	SPAM1_438	SPAM1	438	2	GS3	0.0126916602770642	0.0891089108910891	9	101	TRUE	FALSE	FALSE	Hypergeometric	TRUE	2	TTT/TKN	nnn/nbs
CAAS_BQPXG1208K	SPAM1_438	SPAM1	438	2	GS4	0.0126916602770642	0.0891089108910891	9	101	TRUE	FALSE	FALSE	Hypergeometric	TRUE	2	TTT/TKN	ooo/okp
CAAS_HLQXH0485A	SPAM1_473	SPAM1	473	2	GS0	0.0314364482865911	0.1782178217821782	18	101	TRUE	FALSE	FALSE	Hypergeometric	TRUE	1	SSQ/SGP	ddd/dab
CAAS_NXHLR9100E	A1BG_49	A1BG	49	2	GS1	0.0012534529725921	0.0396039603960396	4	101	TRUE	TRUE	TRUE	Both	TRUE	1	ASS/ALL	nnn/nhh
CAAS_RLBJB7655A	A1BG_49	A1BG	49	2	GS3	2.047123660259e-4	0.0396039603960396	4	101	TRUE	TRUE	TRUE	Both	TRUE	2	ASS/ALL	nnn/nll
CAAS_NUHBT3005H	A1BG_49	A1BG	49	3	GS4	0.02216772584389	0.24752475247524752	25	101	TRUE	FALSE	FALSE	Hypergeometric	TRUE	2	ASS/ALL	hoo/hhh
CAAS_HACLQ2099P	A1BG_63	A1BG	63	3	US	0.0194020276083348	0.1782178217821782	18	101	TRUE	FALSE	FALSE	Hypergeometric	TRUE	1	RWQ/RRR	RWQ/RRR
CAAS_JZRRD1776G	A1BG_63	A1BG	63	3	GS0	0.0194020276083348	0.1782178217821782	18	101	TRUE	FALSE	FALSE	Hypergeometric	TRUE	2	RWQ/RRR	fad/fff
CAAS_LUFKR6855Y	A1BG_63	A1BG	63	3	GS1	0.0191780709689887	0.1782178217821782	18	101	TRUE	FALSE	FALSE	Hypergeometric	TRUE	2	RWQ/RRR	bhp/bbb
CAAS_NQLFA8576F	A1BG_63	A1BG	63	3	GS2	0.0217169678315574	0.21782178217821785	22	101	TRUE	FALSE	FALSE	Hypergeometric	TRUE	2	RWQ/RRR	bnn/bbb
CAAS_TWXHE3392P	A1BG_63	A1BG	63	3	GS3	0.0191780709689887	0.1782178217821782	18	101	TRUE	FALSE	FALSE	Hypergeometric	TRUE	2	RWQ/RRR	bgs/bbb
CAAS_NYUWI1348I	A1BG_63	A1BG	63	3	GS4	0.0194020276083348	0.1782178217821782	18	101	TRUE	FALSE	FALSE	Hypergeometric	TRUE	2	RWQ/RRR	byp/bbb
CAAS_CUDQK5033U	A1BG_142	A1BG	142	2	US	0.0172477972657076	0.19801980198019803	20	101	TRUE	FALSE	FALSE	Hypergeometric	TRUE	1	DDD/DNG	DDD/DNG
CAAS_CEVDE0256P	A1BG_142	A1BG	142	2	GS2	0.0179679520318913	0.2079207920792079	21	101	TRUE	FALSE	FALSE	Hypergeometric	TRUE	2	DDD/DNG	aaa/ans
CAAS_LECSD5482B	A1BG_142	A1BG	142	2	GS4	0.0172477972657076	0.19801980198019803	20	101	TRUE	FALSE	FALSE	Hypergeometric	TRUE	2	DDD/DNG	aaa/apg
CAAS_TCLEH0918S	A1BG_175	A1BG	175	2	US	0.0251251745000008	0.19801980198019803	20	101	TRUE	FALSE	FALSE	Hypergeometric	TRUE	1	TTT/TAI	TTT/TAI
CAAS_CIADV7505L	A1BG_175	A1BG	175	2	GS1	0.0251251745000008	0.19801980198019803	20	101	TRUE	FALSE	FALSE	Hypergeometric	TRUE	2	TTT/TAI	ooo/onh
CAAS_YUSLP6996V	A1BG_175	A1BG	175	2	GS2	0.0251251745000008	0.19801980198019803	20	101	TRUE	FALSE	FALSE	Hypergeometric	TRUE	2	TTT/TAI	xxx/xsh
CAAS_ERKRC8664U	A1BG_175	A1BG	175	2	GS4	0.0257186182682759	0.21782178217821785	22	101	TRUE	FALSE	FALSE	Hypergeometric	TRUE	2	TTT/TAI	ooo/ohh
CAAS_ZCNGI5037R	A1BG_215	A1BG	215	2	GS1	0.0264642441316118	0.21782178217821785	22	101	TRUE	FALSE	FALSE	Hypergeometric	TRUE	1	QED/QKH	ppp/pbb
CAAS_EUCSP8742V	A1BG_215	A1BG	215	2	GS3	0.0264642441316118	0.21782178217821785	22	101	TRUE	FALSE	FALSE	Hypergeometric	TRUE	2	QED/QKH	sss/sbb
CAAS_MIBSJ8951G	A1BG_320	A1BG	320	2	US	0.0048064537260537	0.19801980198019803	20	101	TRUE	FALSE	FALSE	Hypergeometric	TRUE	3	RRR/SSR	RRR/SSR
CAAS_PNYEP9013T	A1BG_320	A1BG	320	2	GS0	0.0046415563301154	0.19801980198019803	20	101	TRUE	FALSE	FALSE	Hypergeometric	TRUE	3	RRR/SSR	fff/ddf
CAAS_HCPNH8518D	A1BG_320	A1BG	320	2	GS1	0.0048064537260537	0.19801980198019803	20	101	TRUE	FALSE	FALSE	Hypergeometric	TRUE	3	RRR/SSR	bbb/nnb
CAAS_JWLFQ7928F	A1BG_320	A1BG	320	2	GS2	0.0048064537260537	0.19801980198019803	20	101	TRUE	FALSE	FALSE	Hypergeometric	TRUE	3	RRR/SSR	bbb/xxb
CAAS_VXAID7172M	A1BG_320	A1BG	320	2	GS3	0.0048064537260537	0.19801980198019803	20	101	TRUE	FALSE	FALSE	Hypergeometric	TRUE	3	RRR/SSR	bbb/nnb
CAAS_YBYHP9192K	A1BG_320	A1BG	320	2	GS4	0.0048064537260537	0.19801980198019803	20	101	TRUE	FALSE	FALSE	Hypergeometric	TRUE	3	RRR/SSR	bbb/oob
CAAS_WIGQR4723A	SPATA21_21	SPATA21	21	3	US	0.0050799483351276	0.10891089108910892	11	101	TRUE	FALSE	FALSE	Hypergeometric	TRUE	1	VLA/VVV	VLA/VVV
CAAS_YRXHG0087K	SPATA21_21	SPATA21	21	3	GS1	0.0066844779089259	0.12871287128712872	13	101	TRUE	FALSE	FALSE	Hypergeometric	TRUE	3	VLA/VVV	thn/ttt
CAAS_EXJXN2579A	TAP1_600	TAP1	600	3	US	1.424382460504e-4	0.07920792079207921	8	101	TRUE	FALSE	FALSE	Hypergeometric	TRUE	3	YED/DDD	YED/DDD
CAAS_EMQXV2884I	TAP1_600	TAP1	600	3	GS0	2.332263403137e-4	0.0891089108910891	9	101	TRUE	FALSE	FALSE	Hypergeometric	TRUE	3	YED/DDD	eea/aaa
CAAS_TFYBV6572H	TARS_1	TARS	1	2	GS1	0.0216957986080484	0.1485148514851485	15	101	TRUE	FALSE	FALSE	Hypergeometric	TRUE	1	GSG/GND	nnn/npp
CAAS_GGZFH3995P	TARS_1	TARS	1	2	GS3	0.0216957986080484	0.1485148514851485	15	101	TRUE	FALSE	FALSE	Hypergeometric	TRUE	3	GSG/GND	nnn/nss
CAAS_VVMRP7295K	TARS_51	TARS	51	2	US	0.027498357510545	0.1188118811881188	12	101	TRUE	FALSE	FALSE	Hypergeometric	TRUE	1	III/ILL	III/ILL
CAAS_AUCRW9243F	TMEM176B_105	TMEM176B	105	3	US	0.003282732013879	0.10891089108910892	11	101	TRUE	FALSE	FALSE	Hypergeometric	TRUE	1	AVV/AAA	AVV/AAA
CAAS_UTNOT2291Q	TMEM176B_105	TMEM176B	105	3	GS1	0.003282732013879	0.10891089108910892	11	101	TRUE	FALSE	FALSE	Hypergeometric	TRUE	1	AVV/AAA	ntt/nnn
CAAS_NSGZT7414N	TMEM176B_105	TMEM176B	105	3	GS3	0.003282732013879	0.10891089108910892	11	101	TRUE	FALSE	FALSE	Hypergeometric	TRUE	1	AVV/AAA	nll/nnn
CAAS_TTDTK2939L	TFRC_118	TFRC	118	3	GS1	3.692739369612863e-5	0.06930693069306931	7	101	TRUE	FALSE	FALSE	Hypergeometric	TRUE	1	PTR/PSP	nob/nnn
CAAS_NKUWF1502X	TFRC_149	TFRC	149	2	US	0.0176646373489075	0.1188118811881188	12	101	TRUE	FALSE	FALSE	Hypergeometric	TRUE	1	SSS/SPL	SSS/SPL
CAAS_PIITT5141P	TFRC_149	TFRC	149	2	GS2	0.0205258999031669	0.12871287128712872	13	101	TRUE	FALSE	FALSE	Hypergeometric	TRUE	3	SSS/SPL	xxx/xhh
CAAS_AEVNU0681Q	TFRC_149	TFRC	149	2	GS4	0.0181610195038641	0.1188118811881188	12	101	TRUE	FALSE	FALSE	Hypergeometric	TRUE	3	SSS/SPL	ooo/orh
CAAS_JIHGA4270W	TFRC_290	TFRC	290	2	US	0.0289051687230061	0.15841584158415842	16	101	TRUE	FALSE	FALSE	Hypergeometric	TRUE	1	NNN/NDK	NNN/NDK
CAAS_PJQIW9683K	TFRC_290	TFRC	290	2	GS0	0.0289051687230061	0.15841584158415842	16	101	TRUE	FALSE	FALSE	Hypergeometric	TRUE	3	NNN/NDK	fff/fac
CAAS_JMKFS7734V	TFRC_290	TFRC	290	2	GS2	0.032470485696146	0.16831683168316833	17	101	TRUE	FALSE	FALSE	Hypergeometric	TRUE	3	NNN/NDK	nnn/nab
CAAS_NKMQY4225P	TFRC_290	TFRC	290	2	GS4	0.032470485696146	0.16831683168316833	17	101	TRUE	FALSE	FALSE	Hypergeometric	TRUE	3	NNN/NDK	ppp/pak
CAAS_ASWZR6560C	TFRC_360	TFRC	360	2	US	0.0279668605338435	0.21782178217821785	22	101	TRUE	FALSE	FALSE	Hypergeometric	TRUE	1	RRR/RKK	RRR/RKK
CAAS_XVOMZ6754X	TFRC_360	TFRC	360	2	GS0	0.0279668605338435	0.21782178217821785	22	101	TRUE	FALSE	FALSE	Hypergeometric	TRUE	3	RRR/RKK	fff/fcc
CAAS_AWOHU1628N	TFRC_360	TFRC	360	2	GS4	0.0279668605338435	0.21782178217821785	22	101	TRUE	FALSE	FALSE	Hypergeometric	TRUE	3	RRR/RKK	bbb/bkk
CAAS_DDCZT8278Z	TARS2_1	TARS2	1	3	US	0.002154875461116	0.06930693069306931	7	101	TRUE	FALSE	FALSE	Hypergeometric	TRUE	1	GRA/GGG	GRA/GGG
CAAS_HXBES4811B	TARS2_1	TARS2	1	3	GS0	0.0023737578760714	0.06930693069306931	7	101	TRUE	FALSE	FALSE	Hypergeometric	TRUE	3	GRA/GGG	afe/aaa
CAAS_TXDEK3277A	TARS2_1	TARS2	1	3	GS4	0.0023737578760714	0.06930693069306931	7	101	TRUE	FALSE	FALSE	Hypergeometric	TRUE	3	GRA/GGG	gbh/ggg
CAAS_KDIPY3356C	TARS2_13	TARS2	13	2	US	2.462531386196052e-5	0.0099009900990099	1	101	TRUE	TRUE	TRUE	Both	TRUE	1	GGG/GEA	GGG/GEA
CAAS_RVXHJ1963E	TARS2_13	TARS2	13	2	GS0	1.538653031447699e-5	0.0099009900990099	1	101	TRUE	TRUE	TRUE	Both	TRUE	3	GGG/GEA	aaa/aee
CAAS_MZWGY6558O	TARS2_13	TARS2	13	2	GS4	2.462531386196052e-5	0.0099009900990099	1	101	TRUE	TRUE	TRUE	Both	TRUE	3	GGG/GEA	ggg/gah
CAAS_YDXBA7174R	TARS2_52	TARS2	52	2	US	0.0227221804922706	0.1188118811881188	12	101	TRUE	FALSE	FALSE	Hypergeometric	TRUE	1	MMM/MVI	MMM/MVI
CAAS_CEGFS3401E	TARS2_52	TARS2	52	2	GS0	0.0227221804922706	0.1188118811881188	12	101	TRUE	FALSE	FALSE	Hypergeometric	TRUE	3	MMM/MVI	bbb/bed
CAAS_GGWWL2581Z	TARS2_52	TARS2	52	2	GS2	0.0227221804922706	0.1188118811881188	12	101	TRUE	FALSE	FALSE	Hypergeometric	TRUE	3	MMM/MVI	xxx/xsh
CAAS_UTRGV5770I	TARS2_52	TARS2	52	2	GS4	0.02458923367094	0.1188118811881188	12	101	TRUE	FALSE	FALSE	Hypergeometric	TRUE	3	MMM/MVI	mmm/mhh
CAAS_PHETV6044B	TMED3_2	TMED3	2	2	US	0.0139038743508335	0.1188118811881188	12	101	TRUE	FALSE	FALSE	Hypergeometric	TRUE	1	RRR/RHL	RRR/RHL
CAAS_FJQLJ3172S	TMED3_2	TMED3	2	2	GS2	0.0139038743508335	0.1188118811881188	12	101	TRUE	FALSE	FALSE	Hypergeometric	TRUE	3	RRR/RHL	bbb/bnh
CAAS_LFKRT0350K	TMED3_206	TMED3	206	3	US	0.0231779317561564	0.099009900990099	10	101	TRUE	FALSE	FALSE	Hypergeometric	TRUE	1	IVV/III	IVV/III
CAAS_RNZAZ2664J	TMED3_206	TMED3	206	3	GS0	0.0242018602911719	0.099009900990099	10	101	TRUE	FALSE	FALSE	Hypergeometric	TRUE	3	IVV/III	dee/ddd
CAAS_VDIWJ8298D	TMED3_206	TMED3	206	3	GS1	0.0229560978800104	0.099009900990099	10	101	TRUE	FALSE	FALSE	Hypergeometric	TRUE	3	IVV/III	htt/hhh
CAAS_ERTUF2134Z	TMED3_206	TMED3	206	3	GS2	0.0244490070938119	0.10891089108910892	11	101	TRUE	FALSE	FALSE	Hypergeometric	TRUE	3	IVV/III	hss/hhh
CAAS_VEQNU7194O	TP53BP2_490	TP53BP2	490	2	US	0.0185776512159936	0.0891089108910891	9	101	TRUE	FALSE	FALSE	Hypergeometric	TRUE	1	NNN/NSS	NNN/NSS
CAAS_NTUWC8101Q	TP53BP2_490	TP53BP2	490	2	GS0	0.0185776512159936	0.0891089108910891	9	101	TRUE	FALSE	FALSE	Hypergeometric	TRUE	3	NNN/NSS	fff/fdd
CAAS_OJUGY7396O	TP53BP2_490	TP53BP2	490	2	GS1	0.0185776512159936	0.0891089108910891	9	101	TRUE	FALSE	FALSE	Hypergeometric	TRUE	3	NNN/NSS	ppp/pnn
CAAS_PMWJR9099H	TP53BP2_490	TP53BP2	490	2	GS2	0.0185776512159936	0.0891089108910891	9	101	TRUE	FALSE	FALSE	Hypergeometric	TRUE	3	NNN/NSS	nnn/nxx
CAAS_CZOUO1730R	TP53BP2_490	TP53BP2	490	2	GS3	0.0185776512159936	0.0891089108910891	9	101	TRUE	FALSE	FALSE	Hypergeometric	TRUE	3	NNN/NSS	sss/snn
CAAS_CBVIO1513N	TP53BP2_490	TP53BP2	490	2	GS4	0.0185776512159936	0.0891089108910891	9	101	TRUE	FALSE	FALSE	Hypergeometric	TRUE	3	NNN/NSS	ppp/poo
CAAS_LORYW4436Q	ZFC3H1_946	ZFC3H1	946	2	US	0.0324894110744711	0.2079207920792079	21	101	TRUE	FALSE	FALSE	Hypergeometric	TRUE	1	SSS/SNG	SSS/SNG
CAAS_LLNIJ3945F	ZFC3H1_946	ZFC3H1	946	2	GS0	0.0324894110744711	0.2079207920792079	21	101	TRUE	FALSE	FALSE	Hypergeometric	TRUE	2	SSS/SNG	ddd/dfa
CAAS_VEDZD3360K	ZFC3H1_946	ZFC3H1	946	2	GS2	0.0324894110744711	0.2079207920792079	21	101	TRUE	FALSE	FALSE	Hypergeometric	TRUE	2	SSS/SNG	xxx/xns
CAAS_CKMOU5141U	ZFC3H1_946	ZFC3H1	946	2	GS4	0.0324894110744711	0.2079207920792079	21	101	TRUE	FALSE	FALSE	Hypergeometric	TRUE	2	SSS/SNG	ooo/opg
CAAS_ZTTQS7657R	NEURL4_2	NEURL4	2	3	US	1.662443317576e-4	0.0891089108910891	9	101	TRUE	FALSE	FALSE	Hypergeometric	TRUE	1	GRR/GGG	GRR/GGG
CAAS_UUXCG1525L	NEURL4_2	NEURL4	2	3	GS0	1.662443317576e-4	0.0891089108910891	9	101	TRUE	FALSE	FALSE	Hypergeometric	TRUE	2	GRR/GGG	aff/aaa
CAAS_XABKD8231O	NEURL4_2	NEURL4	2	3	GS1	1.662443317576e-4	0.0891089108910891	9	101	TRUE	FALSE	FALSE	Hypergeometric	TRUE	2	GRR/GGG	nbb/nnn
CAAS_QQAEU2294O	NEURL4_2	NEURL4	2	3	GS2	1.662443317576e-4	0.0891089108910891	9	101	TRUE	FALSE	FALSE	Hypergeometric	TRUE	2	GRR/GGG	sbb/sss
CAAS_UPMFX1725S	NEURL4_2	NEURL4	2	3	GS3	1.662443317576e-4	0.0891089108910891	9	101	TRUE	FALSE	FALSE	Hypergeometric	TRUE	2	GRR/GGG	nbb/nnn
CAAS_BRUOB5747V	NEURL4_2	NEURL4	2	3	GS4	1.662443317576e-4	0.0891089108910891	9	101	TRUE	FALSE	FALSE	Hypergeometric	TRUE	2	GRR/GGG	gbb/ggg
CAAS_EMMNN3188R	VWA5B2_562	VWA5B2	562	3	US	3.243301848364872e-5	0.0891089108910891	9	101	TRUE	FALSE	FALSE	Hypergeometric	TRUE	1	LVS/LLL	LVS/LLL
CAAS_HQRQM5319C	VWA5B2_562	VWA5B2	562	3	GS1	3.243301848364872e-5	0.0891089108910891	9	101	TRUE	FALSE	FALSE	Hypergeometric	TRUE	1	LVS/LLL	htn/hhh
CAAS_YQWEE8188H	VWA5B2_562	VWA5B2	562	3	GS2	3.243301848364872e-5	0.0891089108910891	9	101	TRUE	FALSE	FALSE	Hypergeometric	TRUE	1	LVS/LLL	hsx/hhh
CAAS_GMMOP2386N	VTN_361	VTN	361	2	US	0.0145642256114376	0.2376237623762376	24	101	TRUE	FALSE	FALSE	Hypergeometric	TRUE	1	TTT/TIM	TTT/TIM
CAAS_MYYTG0138U	VTN_361	VTN	361	2	GS0	0.0036162227462481	0.0594059405940594	6	101	TRUE	FALSE	FALSE	Hypergeometric	TRUE	1	TTT/TIM	eee/edb
CAAS_ITOGK2766N	VTN_361	VTN	361	2	GS1	0.015976643446396	0.2376237623762376	24	101	TRUE	FALSE	FALSE	Hypergeometric	TRUE	1	TTT/TIM	ooo/ohh
CAAS_ALRBH1552T	VTN_361	VTN	361	2	GS3	0.0035562930150356	0.0594059405940594	6	101	TRUE	FALSE	FALSE	Hypergeometric	TRUE	1	TTT/TIM	nnn/nll
CAAS_BNLRY1527K	VTN_361	VTN	361	2	GS4	0.0158681050076306	0.2376237623762376	24	101	TRUE	FALSE	FALSE	Hypergeometric	TRUE	1	TTT/TIM	ooo/ohm
CAAS_GYAMU8969O	WDR1_219	WDR1	219	3	US	3.384950697193e-4	0.099009900990099	10	101	TRUE	FALSE	FALSE	Hypergeometric	TRUE	1	TSN/TTT	TSN/TTT
CAAS_DJRLV4564H	WDR1_219	WDR1	219	3	GS0	3.384950697193e-4	0.099009900990099	10	101	TRUE	FALSE	FALSE	Hypergeometric	TRUE	2	TSN/TTT	edf/eee
CAAS_XVYTL5477P	WDR1_219	WDR1	219	3	GS1	3.384950697193e-4	0.099009900990099	10	101	TRUE	FALSE	FALSE	Hypergeometric	TRUE	2	TSN/TTT	onp/ooo
CAAS_CJUDV6541H	WDR1_263	WDR1	263	3	US	1.039116061604e-4	0.0891089108910891	9	101	TRUE	FALSE	FALSE	Hypergeometric	TRUE	1	NSS/NNN	NSS/NNN
CAAS_TUHQD0355W	WDR1_263	WDR1	263	3	GS0	1.039116061604e-4	0.0891089108910891	9	101	TRUE	FALSE	FALSE	Hypergeometric	TRUE	2	NSS/NNN	fdd/fff
CAAS_ETWVF3306T	WDR1_263	WDR1	263	3	GS1	1.039116061604e-4	0.0891089108910891	9	101	TRUE	FALSE	FALSE	Hypergeometric	TRUE	2	NSS/NNN	pnn/ppp
CAAS_JUJFM2025B	WDR1_263	WDR1	263	3	GS2	1.039116061604e-4	0.0891089108910891	9	101	TRUE	FALSE	FALSE	Hypergeometric	TRUE	2	NSS/NNN	nxx/nnn
CAAS_ZGWYD1010F	WDR1_263	WDR1	263	3	GS3	1.039116061604e-4	0.0891089108910891	9	101	TRUE	FALSE	FALSE	Hypergeometric	TRUE	2	NSS/NNN	snn/sss
CAAS_JOKOX2108H	WDR1_263	WDR1	263	3	GS4	1.039116061604e-4	0.0891089108910891	9	101	TRUE	FALSE	FALSE	Hypergeometric	TRUE	2	NSS/NNN	poo/ppp
CAAS_IRZXK6779W	ZYG11A_229	ZYG11A	229	3	GS2	1.091115691696e-4	0.0891089108910891	9	101	TRUE	FALSE	FALSE	Hypergeometric	TRUE	1	TVA/TTS	xss/xxx
CAAS_SBXUY9066S	ZYG11A_229	ZYG11A	229	3	GS4	1.091115691696e-4	0.0891089108910891	9	101	TRUE	FALSE	FALSE	Hypergeometric	TRUE	1	TVA/TTS	ohh/ooo
CAAS_NRDFN1764H	ZNF76_372	ZNF76	372	3	US	3.860197273071e-4	0.0891089108910891	9	101	TRUE	FALSE	FALSE	Hypergeometric	TRUE	1	RQQ/RRR	RQQ/RRR
CAAS_BQUQZ5868K	ZNF76_372	ZNF76	372	3	GS0	3.860197273071e-4	0.0891089108910891	9	101	TRUE	FALSE	FALSE	Hypergeometric	TRUE	3	RQQ/RRR	fdd/fff
CAAS_NHORI0674F	ZNF76_372	ZNF76	372	3	GS1	3.860197273071e-4	0.0891089108910891	9	101	TRUE	FALSE	FALSE	Hypergeometric	TRUE	3	RQQ/RRR	bpp/bbb
CAAS_QZJXW2732A	ZNF76_372	ZNF76	372	3	GS2	3.860197273071e-4	0.0891089108910891	9	101	TRUE	FALSE	FALSE	Hypergeometric	TRUE	3	RQQ/RRR	bnn/bbb
CAAS_HBESU5432X	ZNF76_372	ZNF76	372	3	GS3	3.860197273071e-4	0.0891089108910891	9	101	TRUE	FALSE	FALSE	Hypergeometric	TRUE	3	RQQ/RRR	bss/bbb
CAAS_WSIGE8060C	ZNF76_372	ZNF76	372	3	GS4	3.860197273071e-4	0.0891089108910891	9	101	TRUE	FALSE	FALSE	Hypergeometric	TRUE	3	RQQ/RRR	bpp/bbb
CAAS_FMVWN5232Z	ZFP64_379	ZFP64	379	2	US	0.027498357510545	0.1188118811881188	12	101	TRUE	FALSE	FALSE	Hypergeometric	TRUE	1	GGG/GAA	GGG/GAA
CAAS_BKELK6561O	ZFP64_379	ZFP64	379	2	GS0	0.027498357510545	0.1188118811881188	12	101	TRUE	FALSE	FALSE	Hypergeometric	TRUE	2	GGG/GAA	aaa/aee
CAAS_ARLWS6776N	ZFP64_379	ZFP64	379	2	GS4	0.027498357510545	0.1188118811881188	12	101	TRUE	FALSE	FALSE	Hypergeometric	TRUE	2	GGG/GAA	ggg/ghh
CAAS_GYVGK8453G	ZFHX2_11	ZFHX2	11	2	US	1.561685763466e-4	0.04950495049504951	5	101	TRUE	TRUE	TRUE	Both	TRUE	1	PPP/PSS	PPP/PSS
CAAS_FNUJY3639S	ZFHX2_11	ZFHX2	11	2	GS0	2.178469704744e-4	0.04950495049504951	5	101	TRUE	TRUE	TRUE	Both	TRUE	1	PPP/PSS	bbb/bdd
CAAS_ULALX5115Z	ZFHX2_11	ZFHX2	11	2	GS2	5.168011505759569e-5	0.0396039603960396	4	101	TRUE	TRUE	TRUE	Both	TRUE	1	PPP/PSS	hhh/hxx
CAAS_CMPJK0294P	ZFHX2_11	ZFHX2	11	2	GS4	1.561685763466e-4	0.04950495049504951	5	101	TRUE	TRUE	TRUE	Both	TRUE	1	PPP/PSS	rrr/roo
CAAS_FFELZ5237Z	ZFHX2_2307	ZFHX2	2307	3	US	1.439712448141e-4	0.0396039603960396	4	101	TRUE	TRUE	TRUE	Both	TRUE	2	VAG/AAA	VAG/AAA
CAAS_KWFVR6937G	ZSCAN18_335	ZSCAN18	335	3	US	0.0018464924575316	0.099009900990099	10	101	TRUE	FALSE	FALSE	Hypergeometric	TRUE	1	SPT/SSS	SPT/SSS
CAAS_EYFPR4881Q	ZSCAN18_335	ZSCAN18	335	3	GS0	0.0018464924575316	0.099009900990099	10	101	TRUE	FALSE	FALSE	Hypergeometric	TRUE	1	SPT/SSS	dbe/ddd
CAAS_WEKUY5701A	ZSCAN30_160	ZSCAN30	160	2	US	3.152779234741604e-5	0.07920792079207921	8	101	TRUE	FALSE	FALSE	Hypergeometric	TRUE	1	PPP/PRL	PPP/PRL
CAAS_FRKNI1924Q	ZSCAN30_160	ZSCAN30	160	2	GS0	3.152779234741604e-5	0.07920792079207921	8	101	TRUE	FALSE	FALSE	Hypergeometric	TRUE	3	PPP/PRL	bbb/bfd
CAAS_FPTLL8889L	ZSCAN30_160	ZSCAN30	160	2	GS1	3.152779234741604e-5	0.07920792079207921	8	101	TRUE	FALSE	FALSE	Hypergeometric	TRUE	3	PPP/PRL	nnn/nbh
CAAS_YSVMF2885N	ZSCAN30_160	ZSCAN30	160	2	GS3	3.152779234741604e-5	0.07920792079207921	8	101	TRUE	FALSE	FALSE	Hypergeometric	TRUE	3	PPP/PRL	nnn/nbl
CAAS_PTBCV4067O	ZSCAN30_160	ZSCAN30	160	2	GS4	3.152779234741604e-5	0.07920792079207921	8	101	TRUE	FALSE	FALSE	Hypergeometric	TRUE	3	PPP/PRL	rrr/rbh
CAAS_PDWTZ7970Z	ZSCAN30_231	ZSCAN30	231	3	US	3.130920995318e-4	0.099009900990099	10	101	TRUE	FALSE	FALSE	Hypergeometric	TRUE	1	NDK/NNN	NDK/NNN
CAAS_ULTUM3777K	ZSCAN30_231	ZSCAN30	231	3	GS0	3.130920995318e-4	0.099009900990099	10	101	TRUE	FALSE	FALSE	Hypergeometric	TRUE	3	NDK/NNN	fac/fff
CAAS_GASPI9789C	ZSCAN30_231	ZSCAN30	231	3	GS2	3.130920995318e-4	0.099009900990099	10	101	TRUE	FALSE	FALSE	Hypergeometric	TRUE	3	NDK/NNN	nab/nnn
CAAS_QMGXR9536A	ZSCAN30_231	ZSCAN30	231	3	GS4	3.130920995318e-4	0.099009900990099	10	101	TRUE	FALSE	FALSE	Hypergeometric	TRUE	3	NDK/NNN	pak/ppp
CAAS_VSTVR9757E	A2M_96	A2M	96	3	US	4.338748078778e-4	0.0891089108910891	9	101	TRUE	FALSE	FALSE	Hypergeometric	TRUE	1	EKD/EEE	EKD/EEE
CAAS_DUDQB7298S	A2M_96	A2M	96	3	GS0	4.338748078778e-4	0.0891089108910891	9	101	TRUE	FALSE	FALSE	Hypergeometric	TRUE	3	EKD/EEE	eca/eee
CAAS_FEIPO0296Z	A2M_121	A2M	121	3	US	1.611955029569e-4	0.0891089108910891	9	101	TRUE	FALSE	FALSE	Hypergeometric	TRUE	1	LHM/LLL	LHM/LLL
CAAS_NVAAX4756W	A2M_121	A2M	121	3	GS0	1.350701195779e-4	0.0891089108910891	9	101	TRUE	FALSE	FALSE	Hypergeometric	TRUE	3	LHM/LLL	dfb/ddd
CAAS_OPHZY8843C	A2M_121	A2M	121	3	GS2	1.628776698659e-4	0.0891089108910891	9	101	TRUE	FALSE	FALSE	Hypergeometric	TRUE	3	LHM/LLL	hnx/hhh
CAAS_BTVEZ3980V	A2M_121	A2M	121	3	GS4	1.661795549558e-4	0.0891089108910891	9	101	TRUE	FALSE	FALSE	Hypergeometric	TRUE	3	LHM/LLL	hbm/hhh
CAAS_OZEUX3021K	A2M_328	A2M	328	3	US	0.008369787226189	0.1188118811881188	12	101	TRUE	FALSE	FALSE	Hypergeometric	TRUE	1	NYH/NNN	NYH/NNN
CAAS_CPPDF5903F	A2M_328	A2M	328	3	GS1	0.0085306402456302	0.1188118811881188	12	101	TRUE	FALSE	FALSE	Hypergeometric	TRUE	3	NYH/NNN	phb/ppp
CAAS_IVSHR5867O	A2M_328	A2M	328	3	GS3	0.0085306402456302	0.1188118811881188	12	101	TRUE	FALSE	FALSE	Hypergeometric	TRUE	3	NYH/NNN	sgb/sss
CAAS_NQLIP6648G	A2M_328	A2M	328	3	GS4	0.008369787226189	0.1188118811881188	12	101	TRUE	FALSE	FALSE	Hypergeometric	TRUE	3	NYH/NNN	pyb/ppp
CAAS_ONXYC5512B	A2M_435	A2M	435	3	US	2.922593466751e-4	0.0891089108910891	9	101	TRUE	FALSE	FALSE	Hypergeometric	TRUE	1	PLS/PPP	PLS/PPP
CAAS_DMKJW9068O	A2M_435	A2M	435	3	GS0	3.784118786728e-4	0.0891089108910891	9	101	TRUE	FALSE	FALSE	Hypergeometric	TRUE	3	PLS/PPP	bdd/bbb
CAAS_IJICY9026J	A2M_435	A2M	435	3	GS4	2.922593466751e-4	0.0891089108910891	9	101	TRUE	FALSE	FALSE	Hypergeometric	TRUE	3	PLS/PPP	rho/rrr
CAAS_CHPYT7693T	A2M_665	A2M	665	2	GS2	0.0013530566464349	0.04950495049504951	5	101	TRUE	TRUE	TRUE	Both	TRUE	1	MTM/MQR	xxx/xnb
CAAS_JUKYF2648Z	A2M_683	A2M	683	3	GS1	0.0013410881730528	0.0891089108910891	9	101	TRUE	FALSE	FALSE	Hypergeometric	TRUE	1	MAV/MIL	hnt/hhh
CAAS_VVGTB0447N	A2M_782	A2M	782	3	US	0.0041262160038877	0.0891089108910891	9	101	TRUE	FALSE	FALSE	Hypergeometric	TRUE	1	RKW/RRR	RKW/RRR
CAAS_CIQUS6289Y	A2M_782	A2M	782	3	GS0	0.0042964542840163	0.0891089108910891	9	101	TRUE	FALSE	FALSE	Hypergeometric	TRUE	3	RKW/RRR	fca/fff
CAAS_UDYFP4215A	A2M_782	A2M	782	3	GS4	0.0041262160038877	0.0891089108910891	9	101	TRUE	FALSE	FALSE	Hypergeometric	TRUE	3	RKW/RRR	bky/bbb
CAAS_GFTBQ3821F	A2M_1312	A2M	1312	3	US	3.03127986432e-4	0.10891089108910892	11	101	TRUE	FALSE	FALSE	Hypergeometric	TRUE	1	DNV/DDD	DNV/DDD
CAAS_SBRQF1343Q	A2M_1312	A2M	1312	3	GS0	3.053814056402e-4	0.10891089108910892	11	101	TRUE	FALSE	FALSE	Hypergeometric	TRUE	3	DNV/DDD	afe/aaa
CAAS_XKSPL0224I	A2M_1312	A2M	1312	3	GS2	2.258873889193e-4	0.0891089108910891	9	101	TRUE	FALSE	FALSE	Hypergeometric	TRUE	3	DNV/DDD	ans/aaa
CAAS_NITLU3918Y	A2M_1312	A2M	1312	3	GS4	2.258873889193e-4	0.0891089108910891	9	101	TRUE	FALSE	FALSE	Hypergeometric	TRUE	3	DNV/DDD	aph/aaa
CAAS_EKPIJ0512Z	A2M_1357	A2M	1357	2	US	0.0107252393014546	0.07920792079207921	8	101	TRUE	FALSE	FALSE	Hypergeometric	TRUE	1	MMM/MTT	MMM/MTT
CAAS_HISIN1382E	A2M_1357	A2M	1357	2	GS0	0.0107252393014546	0.07920792079207921	8	101	TRUE	FALSE	FALSE	Hypergeometric	TRUE	3	MMM/MTT	bbb/bee
CAAS_BTPYR1372L	A2M_1357	A2M	1357	2	GS1	0.0107252393014546	0.07920792079207921	8	101	TRUE	FALSE	FALSE	Hypergeometric	TRUE	3	MMM/MTT	hhh/hoo
CAAS_QPLUV9921W	A2M_1357	A2M	1357	2	GS3	0.0107252393014546	0.07920792079207921	8	101	TRUE	FALSE	FALSE	Hypergeometric	TRUE	3	MMM/MTT	lll/lnn
CAAS_JSRRP3530P	A2M_1357	A2M	1357	2	GS4	0.0107252393014546	0.07920792079207921	8	101	TRUE	FALSE	FALSE	Hypergeometric	TRUE	3	MMM/MTT	mmm/moo
CAAS_VUGEM8918Q	BAD_29	BAD	29	3	GS1	8.004793512356e-4	0.07920792079207921	8	101	TRUE	FALSE	FALSE	Hypergeometric	TRUE	1	RQG/RRK	bpn/bbb
CAAS_RSODK8448S	BAD_29	BAD	29	3	GS2	7.234272735583e-4	0.07920792079207921	8	101	TRUE	FALSE	FALSE	Hypergeometric	TRUE	2	RQG/RRK	bns/bbb
CAAS_XKHPZ8549M	BAD_29	BAD	29	3	GS3	8.004793512356e-4	0.07920792079207921	8	101	TRUE	FALSE	FALSE	Hypergeometric	TRUE	2	RQG/RRK	bsn/bbb
CAAS_FGMJL2929W	CEACAM16_18	CEACAM16	18	3	US	8.724780822096e-4	0.0891089108910891	9	101	TRUE	FALSE	FALSE	Hypergeometric	TRUE	1	GRA/GGG	GRA/GGG
CAAS_XFQWY9760K	CEACAM16_18	CEACAM16	18	3	GS0	9.131657616638e-4	0.0891089108910891	9	101	TRUE	FALSE	FALSE	Hypergeometric	TRUE	1	GRA/GGG	afe/aaa
CAAS_GCQUB9636Z	CEACAM16_18	CEACAM16	18	3	GS4	9.131657616638e-4	0.0891089108910891	9	101	TRUE	FALSE	FALSE	Hypergeometric	TRUE	1	GRA/GGG	gbh/ggg
CAAS_QILAS1458S	CDC42EP1_228	CDC42EP1	228	3	US	0.0152741741769997	0.1485148514851485	15	101	TRUE	FALSE	FALSE	Hypergeometric	TRUE	2	PAG/AAA	PAG/AAA
CAAS_IFFFC0179D	CDC42EP1_228	CDC42EP1	228	3	GS0	0.0154600768897749	0.1485148514851485	15	101	TRUE	FALSE	FALSE	Hypergeometric	TRUE	3	PAG/AAA	bea/eee
CAAS_UPCGR2809T	CDC42EP1_228	CDC42EP1	228	3	GS4	0.0152741741769997	0.1485148514851485	15	101	TRUE	FALSE	FALSE	Hypergeometric	TRUE	3	PAG/AAA	rhg/hhh
